Workbook
Name Slicer___Variance: #N/A
Name Slicer_Department: #N/A
Name Slicer_Department1: #N/A
Name Slicer_Month: #N/A
Name Slicer_Month1: #N/A
Name Slicer_Performance_Category: #N/A

Sheet Question
A1: Financial Budget vs. Actual Analysis
A3: Objective: Compare budgeted vs. actual financials and generate variance reports.
A5: Dataset: Department, Month, Budget, Actual, Variance, % Variance.
A7: Tasks:
A11: Financial Budget vs. Actual Analysis Dashboard
A12: Dashboard Components & Tasks
A13: 1. Executive Summary KPIs
A15: Task: Create a high-level KPI panel showing:
A17: Total Budget vs Total Actual YTD
A19: Overall Variance (Absolute and Percentage)
A21: Number of Departments within/over budget
A23: Largest Positive Variance (Favorable)
... A131: Under Budget: Variance > +5%

Sheet Charts
A3: Department | B3: Average of % Variance | F3: Item | G3: Value
A4: Finance | B4: -0.37428571 | F4: Budget | G4: 3080839.9
A5: HR | B5: -4.3061111 | F5: Variance | G5: -60271.32
A6: IT | B6: 0.35 | F6: Actual | G6: 3020568.5
A7: Marketing | B7: -2.3664
A8: Sales | B8: -2.9155
A9: Grand Total | B9: -1.9217
B13: =COUNTIFS(B4:B8,">=-5",B4:B8,"<=5") -> 5
A15: Department | B15: Sum of Actual | C15: Sum of Budget | D15: Sum of Variances
A16: Finance | B16: 469924.88 | C16: 476863.21 | D16: -6938.3268
A17: HR | B17: 579626.86 | C17: 599259.41 | D17: -19632.554
A18: IT | B18: 715768.89 | C18: 715419.45 | D18: 349.43606
A19: Marketing | B19: 720364.02 | C19: 725453.54 | D19: -5089.5199
A20: Sales | B20: 534883.89 | C20: 563844.25 | D20: -28960.358
A21: Grand Total | B21: 3020568.5 | C21: 3080839.9 | D21: -60271.323
E25: Month | F25: Sum of Budget | G25: Sum of Actual
B26: Month | C26: Average of % Variance | E26: January | F26: 309801.52 | G26: 299902.86
B27: January | C27: -3.992 | E27: February | F27: 272160.36 | G27: 262344.68
B28: February | C28: -3.3311111 | E28: March | F28: 295081.42 | G28: 265819.91
B29: March | C29: -14.991111 | E29: April | F29: 324507.43 | G29: 331299.47
B30: April | C30: 7.3758333 | E30: May | F30: 152348.98 | G30: 159247.75
B31: May | C31: 3.382 | E31: June | F31: 258878.8 | G31: 269450.02
B32: June | C32: 6.61375 | E32: July | F32: 130667.15 | G32: 134780.75
B33: July | C33: -2.6083333 | E33: August | F33: 186231.11 | G33: 182629
B34: August | C34: 0.73333333 | E34: September | F34: 159652 | G34: 131819.12
B35: September | C35: -26.524 | E35: October | F35: 238500.25 | G35: 239830.87
B36: October | C36: 0.23666667 | E36: November | F36: 389551.4 | G36: 375244.26
B37: November | C37: -3.2508333 | E37: December | F37: 363459.44 | G37: 368199.85
B38: December | C38: 2.9816667 | E38: Grand Total | F38: 3080839.9 | G38: 3020568.5
B39: Grand Total | C39: -1.9217
A42: Row Labels | B42: Sum of Actual | C42: Sum of Budget
A43: Finance | B43: 469924.88 | C43: 476863.21
A44: HR | B44: 579626.86 | C44: 599259.41
A45: IT | B45: 715768.89 | C45: 715419.45
A46: Marketing | B46: 720364.02 | C46: 725453.54
A47: Sales | B47: 534883.89 | C47: 563844.25
A48: Grand Total | B48: 3020568.5 | C48: 3080839.9

Sheet Dashboard
V19: Department | W19: Average of % Variance
V20: IT | W20: 0.35
V21: Finance | W21: -0.37428571
V22: Marketing | W22: -2.3664
V23: Sales | W23: -2.9155
V24: HR | W24: -4.3061111
V25: Grand Total | W25: -1.9217

Sheet Department Detail
A1: Month | B1: Sum of Budget | C1: Sum of Actual | D1: Sum of Variance | E1: Seasonal trend
A2: January | B2: 309801.52 | C2: 299902.86 | D2: -9898.6584
A3: February | B3: 272160.36 | C3: 262344.68 | D3: -9815.6781
A4: March | B4: 295081.42 | C4: 265819.91 | D4: -29261.508
A5: April | B5: 324507.43 | C5: 331299.47 | D5: 6792.0427
A6: May | B6: 152348.98 | C6: 159247.75 | D6: 6898.765
A7: June | B7: 258878.8 | C7: 269450.02 | D7: 10571.22
A8: July | B8: 130667.15 | C8: 134780.75 | D8: 4113.6018
A9: August | B9: 186231.11 | C9: 182629 | D9: -3602.1137
A10: September | B10: 159652 | C10: 131819.12 | D10: -27832.883
A11: October | B11: 238500.25 | C11: 239830.87 | D11: 1330.6185
A12: November | B12: 389551.4 | C12: 375244.26 | D12: -14307.139
A13: December | B13: 363459.44 | C13: 368199.85 | D13: 4740.4101
A14: Grand Total | B14: 3080839.9 | C14: 3020568.5 | D14: -60271.323
D33: Dashboard!A1

Sheet Dataset
A1: Department | B1: Month | C1: Budget | D1: Actual | E1: Variance | F1: % Variance | G1: Performance Category
A2: Sales | B2: June | C2: 19901.6 | D2: 22025.374 | E2: 2123.7743 | F2: 10.67 | G2: {=_xlfn.IFS(F2<-10, "Significantly Over", AND(F2>=-10, F2<-5), "Slightly Over", AND(F2>=-5, F2<=5), "Within Budget", F2>5, "Under Budget")} -> Under Budget | I2: =AVERAGE(F:F) -> -1.9217
A3: HR | B3: April | C3: 32336.51 | D3: 34290.981 | E3: 1954.4713 | F3: 6.04 | G3: {=_xlfn.IFS(F3<-10, "Significantly Over", AND(F3>=-10, F3<-5), "Slightly Over", AND(F3>=-5, F3<=5), "Within Budget", F3>5, "Under Budget")} -> Under Budget
A4: IT | B4: April | C4: 19021.61 | D4: 24880.732 | E4: 5859.1219 | F4: 30.8 | G4: {=_xlfn.IFS(F4<-10, "Significantly Over", AND(F4>=-10, F4<-5), "Slightly Over", AND(F4>=-5, F4<=5), "Within Budget", F4>5, "Under Budget")} -> Under Budget
A5: IT | B5: April | C5: 16433.02 | D5: 19533.207 | E5: 3100.1868 | F5: 18.87 | G5: {=_xlfn.IFS(F5<-10, "Significantly Over", AND(F5>=-10, F5<-5), "Slightly Over", AND(F5>=-5, F5<=5), "Within Budget", F5>5, "Under Budget")} -> Under Budget
A6: Marketing | B6: February | C6: 36060.78 | D6: 45903.446 | E6: 9842.6663 | F6: 27.29 | G6: {=_xlfn.IFS(F6<-10, "Significantly Over", AND(F6>=-10, F6<-5), "Slightly Over", AND(F6>=-5, F6<=5), "Within Budget", F6>5, "Under Budget")} -> Under Budget
A7: Marketing | B7: April | C7: 23037.02 | D7: 18714.111 | E7: -4322.9094 | F7: -18.77 | G7: {=_xlfn.IFS(F7<-10, "Significantly Over", AND(F7>=-10, F7<-5), "Slightly Over", AND(F7>=-5, F7<=5), "Within Budget", F7>5, "Under Budget")} -> Significantly Over
A8: HR | B8: November | C8: 33610.56 | D8: 30793.581 | E8: -2816.9794 | F8: -8.38 | G8: {=_xlfn.IFS(F8<-10, "Significantly Over", AND(F8>=-10, F8<-5), "Slightly Over", AND(F8>=-5, F8<=5), "Within Budget", F8>5, "Under Budget")} -> Slightly Over
A9: HR | B9: January | C9: 27329.87 | D9: 25006.813 | E9: -2323.057 | F9: -8.5 | G9: {=_xlfn.IFS(F9<-10, "Significantly Over", AND(F9>=-10, F9<-5), "Slightly Over", AND(F9>=-5, F9<=5), "Within Budget", F9>5, "Under Budget")} -> Slightly Over
A10: Finance | B10: December | C10: 49374.06 | D10: 48690.316 | E10: -683.74386 | F10: -1.38 | G10: {=_xlfn.IFS(F10<-10, "Significantly Over", AND(F10>=-10, F10<-5), "Slightly Over", AND(F10>=-5, F10<=5), "Within Budget", F10>5, "Under Budget")} -> Within Budget
A11: Marketing | B11: June | C11: 15983.23 | D11: 22703.191 | E11: 6719.9613 | F11: 42.04 | G11: {=_xlfn.IFS(F11<-10, "Significantly Over", AND(F11>=-10, F11<-5), "Slightly Over", AND(F11>=-5, F11<=5), "Within Budget", F11>5, "Under Budget")} -> Under Budget
A12: Sales | B12: January | C12: 28583.94 | D12: 23299.782 | E12: -5284.1581 | F12: -18.49 | G12: {=_xlfn.IFS(F12<-10, "Significantly Over", AND(F12>=-10, F12<-5), "Slightly Over", AND(F12>=-5, F12<=5), "Within Budget", F12>5, "Under Budget")} -> Significantly Over
A13: IT | B13: October | C13: 37218.27 | D13: 42738.274 | E13: 5520.0041 | F13: 14.83 | G13: {=_xlfn.IFS(F13<-10, "Significantly Over", AND(F13>=-10, F13<-5), "Slightly Over", AND(F13>=-5, F13<=5), "Within Budget", F13>5, "Under Budget")} -> Under Budget
A14: HR | B14: June | C14: 25821.8 | D14: 23928.004 | E14: -1893.7963 | F14: -7.33 | G14: {=_xlfn.IFS(F14<-10, "Significantly Over", AND(F14>=-10, F14<-5), "Slightly Over", AND(F14>=-5, F14<=5), "Within Budget", F14>5, "Under Budget")} -> Slightly Over
... A101: Marketing | B101: December | C101: 25820.61 | D101: 31190.997 | E101: 5370.3873 | F101: 20.8 | G101: {=_xlfn.IFS(F101<-10, "Significantly Over", AND(F101>=-10, F101<-5), "Slightly Over", AND(F101>=-5, F101<=5), "Within Budget", F101>5, "Under Budget")} -> Under Budget

Sheet KPIs
A1: Total Budget | B1: =SUM(Dataset!C2:C101) -> 3080839.9
A2: Total Actual (YTD) | B2: =SUM(Dataset!D2:D101) -> 3020568.5
A3: Budget Utlization | B3: =B2/B1*100 -> 98.043672
A4: Overall Variance Absolute | B4: =B2-B1 -> -60271.323
A5: Variance % | B5: =(SUM(Dataset!D:D)-SUM(Dataset!C:C))/SUM(Dataset!C:C) -> -0.019563277
A6: Departments Within Budget | B6: =Charts!B13 -> 5
A7: Departments Over Budget | B7: =Charts!B12 -> 0
A8: Largest Positive Variance | B8: =MAX(Charts!B4:B8) -> 0.35 | C8: =INDEX(Charts!A4:A8,MATCH(MAX(Charts!B4:B8),Charts!B4:B8,0)) -> IT
A9: Largest Negative Variance | B9: =MIN(Charts!B4:B80) -> -4.3061111 | C9: =INDEX(Charts!A4:A8,MATCH(MIN(Charts!B4:B8),Charts!B4:B8,0)) -> HR
